,City,Cloudiness,Country,Date,Humidity,Lat,Lng,Max Temp,Wind Speed
0,Bria,8,CF,1515292252,63,6.54,21.99,56.17,6.87
1,Vaini,0,IN,1515292253,78,15.34,74.49,66.61,2.62
2,Belyy Yar,75,RU,1515290400,77,53.6,91.39,-2.21,1.5
3,Pisco,0,PE,1515290400,83,-13.71,-76.2,69.8,13.87
4,Basoko,88,CD,1515292255,58,1.23,23.61,79.75,5.75
5,Fairbanks,1,US,1515290280,83,64.84,-147.72,-5.81,6.08
6,Tramore,0,IE,1515292256,100,52.16,-7.15,38.85,13.47
7,Ljungby,0,SE,1515289800,92,56.83,13.94,19.4,5.82
8,Port Shepstone,0,ZA,1515292258,95,-30.74,30.45,68.1,7.65
9,Bayir,0,TR,1515289800,93,37.27,28.22,39.2,4.7
10,Mahebourg,75,MU,1515290400,83,-20.41,57.7,80.6,17.22
11,Sao Gabriel da Cachoeira,8,BR,1515292261,88,-0.13,-67.09,76.69,2.39
12,Indian Harbour Beach,1,US,1515290280,76,28.15,-80.59,48.2,14.99
13,Trairi,68,BR,1515292262,100,-3.28,-39.27,77.1,10.22
14,Traipu,80,BR,1515292263,90,-9.97,-37.0,74.26,7.2
15,Mponela,20,MW,1515292264,94,-13.53,33.74,59.64,4.74
16,Makakilo City,40,US,1515290220,57,21.35,-158.09,78.8,10.29
17,Mayumba,92,GA,1515292266,100,-3.44,10.65,76.74,6.76
18,Klaksvik,92,FO,1515289800,100,62.23,-6.59,37.4,18.34
19,Sao Filipe,44,CV,1515292267,96,14.9,-24.5,72.01,18.28
20,Sumbe,20,AO,1515292268,100,-11.2,13.84,73.27,3.74
21,Abu Samrah,0,SY,1515292268,90,35.3,37.18,37.32,6.64
22,Hilo,90,US,1515290160,57,19.71,-155.08,77.0,3.36
23,The Valley,20,AI,1515290400,74,18.22,-63.06,78.8,14.99
24,Norman Wells,90,CA,1515290400,77,65.28,-126.83,6.8,13.87
25,Xinye,68,CN,1515292270,94,32.53,112.36,33.45,4.63
26,Pangnirtung,76,CA,1515292271,84,66.15,-65.72,2.49,4.29
27,Antsohihy,92,MG,1515292272,100,-14.88,47.99,71.07,11.01
28,Cayenne,92,GF,1515290400,88,4.94,-52.33,77.0,2.24
29,Hirtshals,0,DK,1515292274,100,57.59,9.96,32.55,3.18
30,Herat,20,AF,1515290100,40,34.35,62.22,35.6,1.61
31,Kasempa,24,ZM,1515292275,96,-13.46,25.83,59.82,6.2
32,Khani,90,GE,1515290400,93,41.96,42.96,48.2,8.05
33,Muros,20,ES,1515290400,100,42.77,-9.06,35.6,8.05
34,Elko,75,US,1515291120,89,40.83,-115.76,35.6,2.73
35,Bull Savanna,92,JM,1515292278,91,17.89,-77.59,69.49,3.18
36,Novoagansk,64,RU,1515292279,73,61.94,76.66,12.84,6.42
37,Gemena,8,CD,1515292280,77,3.25,19.78,66.39,2.28
38,Port Hardy,90,CA,1515290400,86,50.7,-127.42,41.0,17.22
39,Sobolevo,92,RU,1515292281,94,54.43,31.9,37.54,11.45
40,Carnarvon,0,ZA,1515292282,61,-30.97,22.13,53.2,4.97
41,Ban Nahin,92,LA,1515292283,100,18.24,104.21,71.52,2.95
42,Manavalakurichi,20,IN,1515290400,88,8.13,77.3,75.2,4.7
43,Mon,36,IN,1515292284,89,26.73,95.03,58.6,2.06
44,Neyshabur,92,IR,1515292286,93,36.21,58.79,31.51,0.38
45,Marystown,44,CA,1515292286,100,47.17,-55.16,25.35,33.6
46,Butaritari,76,KI,1515292290,100,3.07,172.79,83.08,12.12
47,Sorland,36,NO,1515292291,100,67.67,12.69,36.37,20.62
48,Oktyabrskoye,20,RU,1515292291,75,56.73,85.44,-3.01,7.76
49,Lompoc,90,US,1515290160,93,34.64,-120.46,57.2,5.82
50,Port Elizabeth,1,US,1515290160,51,39.31,-74.98,12.2,9.17
51,Upernavik,8,GL,1515292294,100,72.79,-56.15,7.93,6.53
52,Kiruna,0,SE,1515289800,78,67.86,20.23,8.6,6.93
53,Burns Lake,44,CA,1515292295,84,54.23,-125.76,20.85,3.96
54,Kologriv,92,RU,1515292296,96,58.83,44.31,27.91,8.88
55,Mackay,75,CA,1515290400,47,53.65,-115.58,33.8,12.75
56,Egvekinot,80,RU,1515292298,81,66.32,-179.17,10.5,5.08
57,Tiksi,48,RU,1515292299,59,71.64,128.87,-20.6,3.18
58,Kruisfontein,0,ZA,1515292299,86,-34.0,24.73,63.1,7.76
59,Tomiya,20,JP,1515290700,33,38.38,140.9,42.8,18.34
60,Inuvik,90,CA,1515290400,77,68.36,-133.71,1.4,5.82
61,Mamlyutka,0,KZ,1515290400,83,54.94,68.54,-9.41,8.95
62,Mana,0,RS,1515290400,100,43.52,20.24,44.6,1.12
63,Alta Floresta,92,BR,1515292303,98,-9.87,-56.08,71.52,2.17
64,Ballina,0,IE,1515292304,100,54.11,-9.15,24.13,4.41
65,Oussouye,0,SN,1515292305,86,12.49,-16.54,72.19,16.82
66,Auki,0,NG,1515292310,40,12.18,6.51,55.45,9.44
67,Palmerston,40,CA,1515290400,83,43.83,-80.85,-5.81,2.24
68,Tecate,8,US,1515290160,54,32.57,-116.63,62.6,9.17
69,Vestmanna,92,FO,1515289800,100,62.16,-7.17,37.4,18.34
70,Portland,20,US,1515290160,87,45.52,-122.67,44.6,4.7
71,La Sarre,0,CA,1515292169,33,48.8,-79.2,-22.94,7.2
72,Bumba,68,CD,1515292315,48,2.18,22.47,79.44,6.98
73,Nome,1,US,1515290100,61,30.04,-94.42,51.8,5.82
74,Itarema,64,BR,1515292316,89,-2.92,-39.92,75.52,6.98
75,Comodoro Rivadavia,0,AR,1515290400,64,-45.87,-67.48,68.0,8.05
76,Kurchum,24,KZ,1515292318,32,48.57,83.65,-22.49,1.16
77,Majene,88,ID,1515292319,100,-3.54,118.97,82.0,6.64
78,Mbini,40,GQ,1515286800,100,1.58,9.62,75.2,3.36
79,Vila Velha,75,BR,1515290400,74,-3.71,-38.6,82.4,10.29
80,Harper,1,US,1515290100,87,30.3,-99.24,51.8,3.36
81,Navalagunda,32,IN,1515292322,62,15.56,75.35,65.44,3.06
82,Tual,8,ID,1515292323,100,-5.67,132.75,83.4,2.62
83,Kutum,0,SD,1515292324,53,14.2,24.66,37.36,7.2
84,Abalak,0,NE,1515292325,46,15.46,6.28,51.22,11.23
85,Hovd,75,NO,1515289800,74,63.83,10.7,33.8,20.8
86,Kiama,40,AU,1515288480,23,-34.67,150.86,98.6,18.34
87,Senneterre,5,CA,1515290400,75,48.39,-77.24,-16.61,4.7
88,Huarmey,64,PE,1515292327,86,-10.07,-78.15,63.55,2.73
89,Bandarbeyla,88,SO,1515292328,100,9.49,50.81,74.4,16.15
90,Sanchor,0,IN,1515292329,52,24.76,71.77,51.76,5.19
91,Kilmallock,0,IE,1515288600,82,52.4,-8.57,33.8,8.05
92,Te Anau,88,NZ,1515292331,49,-45.41,167.72,61.39,7.76
93,Thinadhoo,0,MV,1515292331,100,0.53,72.93,82.05,12.68
94,Rumoi,75,JP,1515291420,92,43.93,141.67,23.0,8.05
95,Hasaki,75,JP,1515290400,36,35.73,140.83,46.4,9.17
96,Cherskiy,76,RU,1515292335,44,68.75,161.3,-27.94,3.96
97,Jacareacanga,92,BR,1515292335,98,-6.22,-57.76,72.19,2.95
98,Nathdwara,0,IN,1515292336,73,24.93,73.82,41.37,3.4
99,Shubarshi,0,KZ,1515292337,52,48.59,57.19,0.6,7.2
100,Bilma,0,NE,1515292339,80,18.69,12.92,46.77,3.85
101,Tautira,75,PF,1515290400,78,-17.73,-149.15,82.4,9.17
102,Kaili,64,ID,1515292341,82,-3.46,120.21,76.96,2.84
103,Gold Coast,0,AU,1515290400,61,-28.0,153.41,82.4,17.22
104,Miyako,75,JP,1515290400,57,33.63,130.94,46.4,9.17
105,Petropavlovsk-Kamchatskiy,0,RU,1515290400,52,53.05,158.65,19.4,13.42
106,Pecos,1,US,1515290100,45,31.42,-103.49,51.8,4.7
107,Zhezkazgan,0,KZ,1515290400,70,47.8,67.71,1.4,15.66
108,Jamestown,0,AU,1515292174,23,-33.21,138.6,95.64,9.66
109,Srednekolymsk,76,RU,1515292346,54,67.46,153.71,-31.81,3.4
110,Ushtobe,0,KZ,1515292347,0,45.25,77.98,-20.51,1.16
111,Maniitsoq,64,GL,1515292348,90,65.42,-52.9,25.84,25.43
112,Vestmannaeyjar,88,IS,1515292350,100,63.44,-20.27,33.31,21.07
113,Nouadhibou,40,MR,1515290400,88,20.93,-17.03,62.6,10.29
114,Churapcha,44,RU,1515292351,48,62.0,132.43,-29.87,3.74
115,Poronaysk,12,RU,1515292352,83,49.22,143.1,6.9,3.4
116,Kurilsk,8,RU,1515292352,100,45.23,147.88,26.29,17.05
117,Manggar,64,ID,1515292353,90,-2.88,108.27,84.61,4.29
118,Porto Novo,40,BR,1515290400,88,-23.68,-45.44,68.0,5.82
119,Buraydah,0,SA,1515286800,62,26.33,43.97,55.4,2.24
120,Jacobina,0,BR,1515292355,85,-11.19,-40.51,66.43,6.42
121,Mehamn,88,NO,1515292356,82,71.03,27.85,29.08,15.03
122,Paamiut,76,GL,1515292357,85,61.99,-49.67,34.89,21.3
123,Sur,0,OM,1515292358,100,22.57,59.53,66.39,9.1
124,Santa Cruz,1,US,1515290160,93,36.97,-122.03,55.4,2.28
125,Marquette,75,US,1515290160,60,46.54,-87.4,8.6,16.11
126,Guiratinga,56,BR,1515292361,96,-16.35,-53.76,67.33,2.73
127,Wynyard,88,CA,1515292362,89,51.77,-104.18,20.26,11.56
128,Shihezi,36,CN,1515292363,77,44.3,86.03,-12.46,1.61
129,Oktyabrskiy,40,RU,1515290400,93,55.61,37.97,35.6,6.71
130,Aksum,64,ET,1515292365,91,14.12,38.72,46.18,2.62
131,Klyuchi,0,RU,1515292366,0,52.25,79.17,-28.12,3.06
132,Pombia,90,IT,1515289800,100,45.65,8.63,44.6,5.82
133,Leningradskiy,56,RU,1515292368,83,69.38,178.42,9.73,18.05
134,Iwanai,56,JP,1515292370,100,42.97,140.51,31.33,17.05
135,Henties Bay,92,NA,1515292370,100,-22.12,14.28,63.42,5.64
136,Axim,0,GH,1515292371,99,4.87,-2.24,80.34,13.47
137,Humberto de Campos,80,BR,1515292372,100,-2.6,-43.46,77.86,8.99
138,Leninsk,90,RU,1515290400,92,48.69,45.2,28.4,8.95
139,Warrington,0,GB,1515291600,93,53.39,-2.59,35.6,9.17
140,Yellowknife,90,CA,1515290400,85,62.45,-114.38,10.4,9.17
141,Dillon,1,US,1515289980,78,45.22,-112.64,32.0,9.17
142,Saint-Prosper,20,CA,1515292377,30,46.21,-70.48,-7.51,11.9
143,Katsuura,75,JP,1515290400,70,33.93,134.5,44.6,8.05
144,Vysokogornyy,8,RU,1515292379,58,50.1,139.13,0.69,6.2
145,Cocobeach,40,GA,1515290400,94,1.01,9.58,77.0,3.36
146,Kapaa,75,US,1515290160,69,22.08,-159.32,75.2,18.34
147,Lasalgaon,0,IN,1515292385,69,20.14,74.24,55.0,2.73
148,Honiara,20,SB,1515290400,70,-9.43,159.96,87.8,6.93
149,Isangel,76,VU,1515292387,100,-19.55,169.27,79.75,13.35
150,Chipata,8,ZM,1515292388,97,-13.64,32.65,63.42,4.97
151,Broken Hill,100,AU,1515292389,22,-31.97,141.45,96.54,15.59
152,Kushiro,20,JP,1515290400,50,43.11,144.15,28.4,6.93
153,Anyang,44,CN,1515292390,83,36.1,114.34,33.72,4.63
154,Grindavik,90,IS,1515290400,86,63.84,-22.43,33.8,20.8
155,Reigate,68,GB,1515291600,74,51.24,-0.21,39.2,8.05
156,Miquelon,75,PM,1515290700,85,47.1,-56.38,19.4,35.57
157,San Jeronimo,92,PE,1515292394,96,-13.65,-73.37,45.64,1.83
158,Sapa,75,PH,1515290400,70,14.32,120.76,84.2,1.12
159,Ajdabiya,8,LY,1515292396,86,30.75,20.22,45.87,3.4
160,Lebu,20,ET,1515290400,76,8.96,38.73,50.0,4.7
161,Baoding,80,CN,1515292399,47,38.86,115.49,32.5,3.96
162,Shahrud,92,IR,1515292400,85,36.42,54.97,25.44,2.51
163,Cerkezkoy,75,TR,1515289800,100,41.28,28.0,33.8,2.24
164,Izhma,76,RU,1515292401,75,65.01,53.91,19.59,8.66
165,Kushima,75,JP,1515290400,61,31.5,131.29,48.2,8.05
166,Rawson,44,AR,1515292403,44,-43.3,-65.11,67.02,5.41
167,Komatsu,75,JP,1515290400,56,36.4,136.45,41.0,6.93
168,Swan Hill,12,AU,1515292406,30,-35.34,143.56,96.49,11.45
169,Ukiah,1,US,1515290160,81,39.15,-123.21,48.2,3.36
170,Kungurtug,12,RU,1515292407,46,50.6,97.53,-19.79,2.39
171,Lagoa,0,PT,1515290400,75,37.14,-8.45,44.6,5.82
172,Ambon,0,FR,1515290400,87,47.55,-2.56,42.8,12.75
173,Nueva Loja,12,EC,1515292410,94,0.08,-76.88,73.36,2.06
174,Gladstone,0,AU,1515292411,72,-23.84,151.26,83.67,12.24
175,Sao Felix do Xingu,44,BR,1515292411,99,-6.64,-51.99,71.25,1.95
176,Albany,75,US,1515290040,44,42.65,-73.75,-0.41,14.99
177,Mareeba,75,AU,1515290400,69,-16.99,145.42,82.4,19.46
178,Berea,75,US,1515291300,65,41.37,-81.85,8.6,6.93
179,Santa Maria do Para,64,BR,1515292415,83,-1.35,-47.58,76.6,6.2
180,Aklavik,90,CA,1515290400,77,68.22,-135.01,1.4,5.82
181,Muli,0,IN,1515292419,52,22.62,71.45,50.05,3.18
182,Dongsheng,100,CN,1515292419,94,29.72,112.52,34.89,11.23
183,Nikolskoye,40,RU,1515290400,80,59.7,30.79,33.8,8.95
184,Ornskoldsvik,8,SE,1515289800,85,63.29,18.72,17.6,21.92
185,Ketchikan,90,US,1515290160,87,55.34,-131.65,42.8,18.34
186,Normandin,5,CA,1515290400,57,48.84,-72.53,-11.21,12.75
187,Mujiayingzi,48,CN,1515292424,57,42.12,118.78,21.16,3.85
188,Mandalgovi,12,MN,1515292425,64,45.76,106.27,-11.6,6.53
189,Pokosnoye,68,RU,1515292427,71,55.53,101.05,5.68,8.55
190,Ust-Nera,8,RU,1515292427,0,64.57,143.24,-51.97,1.95
191,Khorixas,20,NA,1515292428,79,-20.37,14.96,64.9,3.96
192,Wabana,90,CA,1515290400,79,47.63,-52.95,23.0,34.45
193,Nova Olimpia,64,BR,1515292430,92,-14.8,-57.29,74.62,6.64
194,Maraa,76,BR,1515292430,87,-1.83,-65.37,76.06,4.97
195,Cap Malheureux,75,MU,1515290400,83,-19.98,57.61,80.6,17.22
196,Tuatapere,88,NZ,1515292432,80,-46.13,167.69,64.54,12.68
197,Noumea,32,NC,1515290400,43,-22.28,166.46,89.6,16.11
198,Road Town,90,VG,1515289980,94,18.42,-64.62,75.2,12.75
199,Alofi,8,NU,1515286800,66,-19.06,-169.92,86.0,14.99
200,Taree,0,AU,1515290400,37,-31.91,152.46,98.6,9.17
201,Vardo,1,US,1515290100,50,39.62,-77.74,14.0,13.87
202,New Norfolk,20,AU,1515290400,37,-42.78,147.06,68.0,14.99
203,Tilichiki,80,RU,1515292437,77,60.47,166.1,6.27,3.06
204,Madang,20,PG,1515292438,100,-5.21,145.81,81.24,4.18
205,Glenwood Springs,90,US,1515290160,86,39.55,-107.33,33.8,9.17
206,Hobart,20,AU,1515290400,37,-42.88,147.33,68.0,14.99
207,Port Augusta,0,AU,1515290400,57,-32.49,137.76,77.0,21.92
208,Atar,0,MR,1515292441,41,20.52,-13.05,46.5,5.41
209,Asyut,0,EG,1515290400,76,27.18,31.19,48.2,4.7
210,Salalah,0,OM,1515289800,52,17.01,54.1,66.2,2.24
211,Dunning,0,GB,1515291600,92,56.31,-3.59,28.4,3.36
212,Deputatskiy,24,RU,1515292445,0,69.3,139.9,-40.99,3.96
213,Abong Mbang,0,CM,1515292446,91,3.98,13.18,60.85,2.39
214,Sosua,40,DO,1515290400,88,19.77,-70.52,75.2,4.7
215,Avarua,40,CK,1515290400,61,-21.21,-159.78,82.4,11.41
216,Namtsy,24,RU,1515292448,0,62.72,129.66,-37.25,2.73
217,Fonte Boa,76,BR,1515292257,79,-2.51,-66.09,79.57,6.76
218,Bathsheba,40,BB,1515290400,78,13.22,-59.52,78.8,21.92
219,Pyapon,0,MM,1515292450,81,16.29,95.68,80.79,4.74
220,Chingirlau,88,KZ,1515292451,91,51.09,54.08,21.57,6.98
221,Yulara,0,AU,1515290400,28,-25.24,130.99,96.8,14.99
222,San Quintin,20,PH,1515290400,70,17.54,120.52,84.2,4.7
223,Marsa Matruh,20,EG,1515290400,93,31.35,27.25,50.0,3.06
224,Dingle,56,PH,1515292455,80,11.0,122.67,81.87,10.78
225,Skibbereen,0,IE,1515290400,80,51.55,-9.27,35.6,13.87
226,Kulhudhuffushi,0,MV,1515292456,100,6.62,73.07,80.02,3.51
227,Hambantota,0,LK,1515292457,100,6.12,81.12,76.69,6.98
228,Seymchan,68,RU,1515292457,52,62.93,152.39,-18.89,5.08
229,Ilulissat,32,GL,1515289800,53,69.22,-51.1,21.2,18.34
230,Tabuk,0,PH,1515292459,80,17.41,121.44,75.75,2.51
231,Nioro,0,GM,1515292460,47,13.79,-15.05,64.18,6.2
232,Brigantine,1,US,1515290400,46,39.41,-74.36,12.2,10.29
233,Barrow,12,AR,1515292461,46,-38.31,-60.23,61.35,8.21
234,Praya,20,ID,1515290400,74,-8.71,116.27,86.0,4.7
235,Mangrol,0,IN,1515292463,82,25.33,76.51,48.07,2.17
236,Kununurra,75,AU,1515290400,66,-15.77,128.74,86.0,5.82
237,Hamilton,75,BM,1515290100,63,32.3,-64.78,60.8,12.75
238,Vanavara,80,RU,1515292466,80,60.35,102.28,7.93,3.29
239,Coquimbo,90,CL,1515290400,87,-29.95,-71.34,59.0,3.36
240,Ust-Kuyga,36,RU,1515292468,44,70.0,135.55,-28.12,3.18
241,Mitzic,24,GA,1515292469,98,0.78,11.55,67.92,1.95
242,Longyearbyen,0,NO,1515289800,57,78.22,15.63,19.4,11.41
243,Srandakan,92,ID,1515292470,79,-7.94,110.25,81.82,4.18
244,Baruun-Urt,44,MN,1515292471,79,46.68,113.28,1.9,13.91
245,Abbeville,90,FR,1515290400,75,50.11,1.83,41.0,11.41
246,Leirvik,36,NO,1515291600,86,59.78,5.5,28.4,9.17
247,East London,0,ZA,1515292473,100,-33.02,27.91,71.38,7.99
248,Maxixe,100,MZ,1515292474,97,-23.86,35.35,76.78,10.0
249,Tall Kayf,0,TR,1515292474,66,37.08,41.07,26.34,3.74
250,Iqaluit,90,CA,1515290400,76,63.75,-68.52,-9.41,40.26
251,Bambous Virieux,75,MU,1515290400,83,-20.34,57.76,80.6,17.22
252,Balkhash,0,KZ,1515292478,66,46.84,74.98,-0.8,9.78
253,Shingu,75,JP,1515290400,45,33.72,135.99,46.4,13.87
254,Myitkyina,0,MM,1515292479,83,25.38,97.4,59.19,2.39
255,Miranda,75,CO,1515290400,83,3.25,-76.23,73.4,3.36
256,Garowe,0,SO,1515292480,91,8.41,48.48,50.59,3.85
257,Necochea,20,AR,1515292387,60,-38.55,-58.74,60.45,8.66
258,Sept-Iles,75,CA,1515290400,43,50.2,-66.38,-5.81,13.87
259,Victoria,75,BN,1515288600,94,5.28,115.24,82.4,4.7
260,Hailar,32,CN,1515292484,82,49.2,119.7,1.99,9.78
261,Saint Anthony,90,US,1515290700,100,43.97,-111.68,33.8,3.36
262,Shangzhi,24,CN,1515292486,75,45.21,127.96,16.62,8.43
263,Marawi,36,PH,1515292487,84,8.0,124.29,79.75,1.61
264,Krasnyy Yar,76,RU,1515292488,83,50.7,44.73,17.47,8.88
265,Provideniya,92,RU,1515292488,100,64.42,-173.23,28.99,25.1
266,Vilyuysk,68,RU,1515292489,49,63.75,121.63,-16.82,4.63
267,Taoudenni,0,ML,1515292490,30,22.68,-3.98,49.51,10.11
268,Araceli,24,PH,1515292491,97,10.55,119.99,82.09,12.91
269,Matara,92,PE,1515292491,96,-13.74,-72.9,45.64,1.83
270,Flinders,40,AU,1515288480,23,-34.58,150.85,98.6,18.34
271,Port Blair,20,IN,1515292494,100,11.67,92.75,81.24,10.89
272,Nyrob,76,RU,1515292495,82,60.74,56.73,14.64,14.14
273,Westerland,90,NL,1515291900,100,52.89,4.93,41.0,24.16
274,Dawlatabad,92,AF,1515292496,93,36.41,64.91,42.72,5.08
275,Kitui,24,KE,1515292497,70,-1.37,38.02,58.78,3.4
276,Lapao,0,BR,1515292432,86,-11.38,-41.83,64.81,5.19
277,Mount Vernon,1,US,1515291300,65,37.94,-87.9,14.0,8.43
278,Ahuimanu,75,US,1515290220,69,21.44,-157.84,78.8,11.41
279,Izumo,75,JP,1515290400,86,35.37,132.75,44.6,4.7
280,Banda Aceh,20,ID,1515292384,85,5.56,95.32,80.38,2.62
281,Esperance,40,TT,1515290400,88,10.24,-61.45,75.2,10.29
282,La Ronge,90,CA,1515290400,92,55.1,-105.3,17.6,3.36
283,Rikitea,8,PF,1515292503,95,-23.12,-134.97,80.97,24.65
284,Kapit,92,MY,1515292503,94,2.02,112.94,75.7,2.73
285,San Carlos,36,VE,1515292505,51,9.66,-68.59,80.56,7.87
286,Babu,100,CN,1515292506,92,23.23,104.89,58.06,3.18
287,North Myrtle Beach,1,US,1515291300,38,33.83,-78.68,24.8,3.36
288,Cookeville,1,US,1515291300,84,36.16,-85.5,17.6,5.19
289,Xai-Xai,92,MZ,1515292508,100,-25.04,33.64,75.34,7.31
290,Khatanga,32,RU,1515292509,40,71.98,102.47,-25.91,2.73
291,Mar del Plata,48,AR,1515292509,45,-46.43,-67.52,70.35,18.39
292,Soria,92,ES,1515292510,94,41.76,-2.46,30.25,11.79
293,Aksu,0,KZ,1515290400,75,52.04,76.93,-16.61,4.47
294,Port Alfred,0,ZA,1515292512,98,-33.59,26.89,66.7,4.41
295,Baherden,44,TM,1515292513,94,38.44,57.43,33.27,2.62
296,Whitehorse,75,CA,1515290400,92,60.72,-135.06,19.4,4.7
297,Sorong,8,ID,1515292515,100,-0.86,131.25,82.54,3.96
298,Skjervoy,44,NO,1515292467,100,70.03,20.97,30.52,10.89
299,Kaeo,0,NZ,1515292516,51,-35.1,173.78,74.67,15.03
300,Chandler,1,US,1515290280,29,33.31,-111.84,68.0,2.51
301,Fortuna,0,ES,1515292200,75,38.18,-1.13,42.8,5.82
302,Omboue,80,GA,1515292518,100,-1.57,9.26,76.87,7.2
303,Gashua,0,NG,1515292520,47,12.87,11.04,52.35,6.42
304,Namatanai,0,PG,1515292521,89,-3.66,152.44,86.82,4.97
305,Keuruu,0,FI,1515291600,85,62.26,24.71,19.4,11.41
306,Hithadhoo,8,MV,1515292523,100,-0.6,73.08,82.5,14.7
307,Golpayegan,64,IR,1515292525,97,33.46,50.29,25.48,2.73
308,Saint George,0,GR,1515289800,93,39.45,22.34,41.0,6.93
309,Sinnamary,100,GF,1515292279,100,5.38,-52.96,77.64,10.0
310,Mount Gambier,0,AU,1515292526,37,-37.83,140.78,78.94,3.74
311,Saint-Ambroise,90,FR,1515290400,87,47.25,-0.65,44.6,10.29
312,Chernyshevskiy,56,RU,1515292527,70,63.01,112.47,1.0,3.74
313,Jacala,32,MX,1515292529,98,21.0,-99.19,49.87,1.61
314,Xacmaz,56,AZ,1515292529,91,41.46,48.81,26.7,0.94
315,Rome,0,IT,1515290100,48,41.89,12.48,60.8,12.75
316,Ponta do Sol,100,BR,1515292531,98,-20.63,-46.0,66.52,3.96
317,Berdigestyakh,48,RU,1515292532,30,62.1,126.7,-21.37,3.74
318,Lambarene,44,GA,1515292532,99,-0.7,10.22,72.6,2.06
319,Saint-Augustin,90,FR,1515292200,100,44.83,-0.61,44.6,11.41
320,Gorshechnoye,92,RU,1515292534,96,51.52,38.03,36.01,11.79
321,Mataura,92,NZ,1515292535,50,-46.19,168.86,65.8,6.87
322,Ribeira Grande,92,PT,1515292535,100,38.52,-28.7,64.18,16.26
323,Nyurba,64,RU,1515292536,37,63.29,118.35,-11.24,5.19
324,Biak,88,ID,1515292537,95,-0.91,122.88,80.92,2.62
325,Carballo,92,ES,1515292200,100,43.21,-8.69,37.4,9.55
326,Codrington,0,AU,1515292538,56,-28.95,153.24,88.03,2.84
327,Misawa,75,JP,1515291540,86,40.75,141.38,28.4,8.05
328,Ishigaki,75,JP,1515290400,93,24.34,124.16,66.2,18.34
329,Vilhena,24,BR,1515292540,96,-12.74,-60.15,70.48,2.51
330,Cape Town,88,ZA,1515292541,98,-33.93,18.42,64.5,14.14
331,Taksimo,36,RU,1515292542,57,56.36,114.84,3.43,1.83
332,Bethel,90,US,1515289980,100,60.79,-161.76,33.8,11.41
333,Luanda,40,AO,1515286800,88,-8.83,13.24,77.0,2.24
334,Aksha,56,RU,1515292544,64,50.28,113.29,9.1,10.22
335,Salvador,40,BR,1515290400,78,-12.98,-38.48,80.6,11.41
336,Qaanaaq,36,GL,1515292547,99,77.48,-69.36,-6.38,12.68
337,Caravelas,0,BR,1515292547,100,-17.73,-39.27,79.12,13.91
338,Healdsburg,20,US,1515290160,76,38.61,-122.87,53.6,4.7
339,Jaisalmer,0,IN,1515292549,84,26.91,70.91,43.89,3.29
340,Souillac,90,FR,1515292200,87,45.6,-0.6,46.4,17.22
341,Campbell River,90,CA,1515290400,100,50.02,-125.24,39.2,2.51
342,Arraial do Cabo,88,BR,1515292551,97,-22.97,-42.02,75.79,6.53
343,Saldanha,56,PT,1515292552,86,41.42,-6.55,32.14,6.53
344,Diamantino,24,BR,1515292553,96,-14.4,-56.44,71.79,3.62
345,Shimoda,75,JP,1515290400,37,34.7,138.93,50.0,8.05
346,Nemuro,40,JP,1515290400,63,43.32,145.57,26.6,11.41
347,Port Lincoln,56,AU,1515292558,80,-34.72,135.86,68.64,13.13
348,Puerto Ayora,0,EC,1515292558,100,-0.74,-90.35,71.2,11.01
349,Hermanus,32,ZA,1515292559,92,-34.42,19.24,58.78,3.96
350,Kavieng,24,PG,1515292560,100,-2.57,150.8,85.47,7.09
351,College,1,US,1515290280,83,64.86,-147.8,-5.81,6.08
352,Belaya Kholunitsa,92,RU,1515292561,82,58.84,50.85,14.59,13.91
353,Raudeberg,88,NO,1515291600,80,61.99,5.14,33.8,17.22
354,Sidi Ali,64,DZ,1515292563,88,36.1,0.42,46.59,12.35
355,Narsaq,88,GL,1515289800,33,60.91,-46.05,30.2,54.13
356,Artesia,1,US,1515291300,34,32.84,-104.4,51.8,12.75
357,Praia da Vitoria,75,PT,1515290400,87,38.73,-27.07,60.8,15.26
358,Sola,90,FI,1515291600,85,62.78,29.36,24.8,17.22
359,Angoram,36,PG,1515292567,58,-4.06,144.07,91.45,2.84
360,Fort-Shevchenko,48,KZ,1515292568,100,44.51,50.26,28.36,8.77
361,Goure,0,NE,1515292569,50,13.98,10.27,53.7,8.43
362,Ancud,92,CL,1515292569,99,-41.87,-73.83,57.88,4.18
363,Chifeng,48,CN,1515292570,57,42.27,118.96,21.16,3.85
364,West Fargo,1,US,1515291300,78,46.88,-96.9,14.0,27.51
365,Zonguldak,0,TR,1515292571,90,41.25,31.83,36.1,3.4
366,Isiro,8,CD,1515292572,70,2.77,27.62,63.55,3.85
367,Kirakira,0,SB,1515292572,100,-10.46,161.92,84.25,6.53
368,Teya,75,MX,1515289500,60,21.05,-89.07,71.6,6.2
369,Bredasdorp,24,ZA,1515292574,93,-34.53,20.04,68.14,21.74
370,Feijo,75,EC,1515290400,69,-3.63,-79.92,78.8,4.7
371,Yurginskoye,0,RU,1515292575,69,56.82,67.39,-0.94,5.3
372,San Joaquin,56,PH,1515292576,80,10.59,122.14,81.87,10.78
373,Laguna,75,MX,1515289260,43,27.52,-110.01,71.6,2.62
374,Katherine,75,AU,1515290400,66,-14.47,132.26,86.0,13.87
375,Meulaboh,8,ID,1515292579,100,4.14,96.13,81.6,3.18
376,Ushuaia,40,AR,1515290400,66,-54.81,-68.31,51.8,10.29
377,Bhagalpur,80,IN,1515292581,89,25.25,86.98,50.41,3.62
378,Marsh Harbour,20,BS,1515292515,100,26.54,-77.06,67.69,15.03
379,Mitsamiouli,88,KM,1515292582,100,-11.38,43.28,75.88,14.81
380,Kandra,0,PK,1515290400,87,27.59,68.87,46.4,2.84
381,Jalu,0,LY,1515292584,80,29.03,21.55,43.17,2.84
382,Ambilobe,92,MG,1515292585,99,-13.19,49.05,70.21,7.99
383,Mabaruma,88,GY,1515292585,82,8.2,-59.78,78.67,7.76
384,Rincon de La Victoria,92,BO,1515292586,98,-21.52,-64.81,50.32,1.16
385,Saskylakh,24,RU,1515292587,35,71.97,114.09,-23.66,6.98
386,Port Macquarie,0,AU,1515290400,37,-31.43,152.91,98.6,9.17
387,Shaunavon,64,CA,1515292589,89,49.65,-108.41,28.32,13.24
388,Guerrero Negro,36,MX,1515292590,71,27.97,-114.04,63.46,6.64
389,Aginskoye,8,RU,1515292591,66,51.11,114.54,8.83,11.9
390,Stare Mesto,90,CZ,1515290400,93,50.09,14.42,41.0,3.36
391,Ipixuna,75,BR,1515290400,94,-1.76,-48.8,73.4,10.29
392,Manoel Urbano,64,BR,1515292594,97,-8.84,-69.26,72.28,1.95
393,Nantucket,1,US,1515291300,55,41.28,-70.1,10.4,21.92
394,Guarapari,40,BR,1515290400,83,-20.67,-40.5,78.8,9.17
395,Talnakh,0,RU,1515292596,51,69.49,88.39,-17.77,2.62
396,San Rafael,0,AR,1515292598,39,-34.61,-68.33,62.2,4.74
397,Lasa,0,CY,1515292200,71,34.92,32.53,50.0,11.41
398,Hay River,90,CA,1515290400,85,60.82,-115.79,10.4,16.11
399,Busselton,0,AU,1515292602,90,-33.64,115.35,72.24,13.02
400,Bundaberg,36,AU,1515292602,97,-24.87,152.35,80.34,14.03
401,Maicao,0,CO,1515292603,75,11.38,-72.24,79.89,12.68
402,Snyder,1,US,1515291300,71,32.72,-100.92,53.6,16.11
403,Thompson,90,CA,1515290400,84,55.74,-97.86,6.8,2.24
404,Usinsk,68,RU,1515292605,81,66.0,57.56,18.15,14.7
405,Darnah,20,LY,1515292606,100,32.77,22.64,63.24,10.22
406,Nuuk,80,GL,1515289800,100,64.17,-51.74,32.0,16.11
407,Koutiala,8,ML,1515292607,61,12.39,-5.46,57.97,2.73
408,Qasigiannguit,32,GL,1515289800,53,68.82,-51.19,21.2,18.34
409,Kavaratti,20,IN,1515292609,100,10.57,72.64,82.09,6.98
410,Ostrovnoy,88,RU,1515292609,92,68.05,39.51,24.99,10.67
411,Seoul,0,KR,1515290400,43,37.57,126.98,33.8,2.24
412,Orcopampa,88,PE,1515292611,99,-15.27,-72.34,33.99,2.51
413,Hofn,88,IS,1515292612,100,64.25,-15.21,28.27,10.45
414,Tarko-Sale,92,RU,1515292613,92,64.92,77.78,22.47,6.08
415,Darlawn,0,IN,1515292613,79,24.02,92.93,55.36,2.17
416,Los Llanos de Aridane,75,ES,1515292200,67,28.66,-17.92,60.8,24.16
417,Ariquemes,48,BR,1515292615,96,-9.91,-63.03,73.27,1.39
418,Xiantao,92,CN,1515292615,97,30.37,113.44,34.62,10.45
419,Atuona,80,PF,1515292616,100,-9.8,-139.03,80.25,11.56
420,Borovskoy,0,KZ,1515292617,29,53.8,64.15,-19.61,4.41
421,Waterloo,40,CA,1515290400,83,43.47,-80.52,-5.81,2.24
422,Zaozerne,92,UA,1515292619,99,51.37,23.94,34.84,3.4
423,Basco,1,US,1515291300,61,40.33,-91.2,12.2,8.05
424,Cabatuan,44,PH,1515292621,100,16.95,121.67,76.74,3.51
425,Hobyo,80,SO,1515292624,81,5.35,48.53,75.39,17.27
426,Villarrica,0,CL,1515292349,89,-39.28,-72.23,48.12,1.95
427,Anadyr,90,RU,1515290400,92,64.73,177.51,23.0,33.55
428,Ladybrand,0,ZA,1515292628,52,-29.19,27.46,46.18,2.39
429,Eirunepe,36,BR,1515292629,95,-6.66,-69.87,75.43,2.06
430,Beatrice,1,US,1515291300,63,40.27,-96.75,26.6,10.29
431,Mahibadhoo,0,MV,1515292630,100,3.78,72.97,80.92,9.66
432,Lorengau,20,PG,1515292631,94,-2.02,147.27,86.05,7.43
433,High River,20,CA,1515290400,74,50.58,-113.86,30.2,9.17
434,Vanimo,12,PG,1515292633,99,-2.67,141.3,85.2,11.01
435,Havoysund,64,NO,1515291600,74,71.0,24.66,28.4,10.29
436,Samarai,24,PG,1515292635,100,-10.62,150.67,83.71,10.0
437,Coihaique,90,CL,1515290400,82,-45.58,-72.07,57.2,3.36
438,Aligudarz,20,IR,1515292636,88,33.4,49.69,15.49,1.95
439,Caborca,44,MX,1515292637,65,30.58,-111.1,52.12,3.06
440,Imbituba,40,BR,1515290400,73,-28.24,-48.67,73.4,9.17
441,Pereyaslovskaya,68,RU,1515292639,85,45.84,39.02,27.42,3.51
442,Neuquen,0,AR,1515290400,47,-38.95,-68.06,78.8,11.41
443,Grand-Santi,36,GF,1515292641,92,4.27,-54.38,73.14,3.4
444,Sibolga,88,ID,1515292641,89,1.74,98.78,74.71,2.28
445,Durazno,0,UY,1515292642,47,-33.38,-56.52,58.15,7.76
446,Schluchtern,40,DE,1515291600,93,49.15,9.1,37.4,2.24
447,Port Hedland,0,AU,1515290400,56,-20.31,118.58,93.2,8.05
448,Yar-Sale,88,RU,1515292644,97,66.83,70.83,24.04,8.55
449,Topeka,1,US,1515289980,54,39.05,-95.68,28.4,8.05
450,Dzhebariki-Khaya,0,RU,1515292646,0,62.22,135.8,-38.69,2.73
451,Cabo San Lucas,40,MX,1515289440,68,22.89,-109.91,73.4,3.36
452,Komsomolskiy,76,RU,1515292649,91,67.55,63.78,22.15,6.76
453,Warri,0,NG,1515292650,96,5.52,5.75,68.86,5.64
454,Pacific Grove,40,US,1515290100,93,36.62,-121.92,55.4,3.36
455,Saint-Philippe,1,CA,1515291300,57,45.36,-73.48,-7.61,12.75
456,Castro,64,CL,1515292654,98,-42.48,-73.76,56.67,4.07
457,Pouembout,92,NC,1515292655,52,-21.12,164.9,83.04,4.29
458,Aykhal,36,RU,1515292655,77,65.95,111.51,-13.04,6.08
459,Saint-Pierre,90,FR,1515292200,93,48.95,4.24,46.4,13.87
460,Kalevala,92,FI,1515292658,78,64.12,29.58,23.1,10.78
461,Ayolas,0,PY,1515292658,67,-27.39,-56.84,73.05,10.0
462,Yura,90,PE,1515290400,87,-16.25,-71.68,51.8,4.7
463,Kaitangata,68,NZ,1515292660,40,-46.28,169.85,65.53,12.91
464,Timberlake,1,US,1515291300,68,32.26,-81.31,32.0,4.7
465,Port-Gentil,76,GA,1515292661,100,-0.72,8.78,77.32,6.76
466,Faanui,92,PF,1515292662,100,-16.48,-151.75,79.66,18.16
467,Kudahuvadhoo,0,MV,1515292663,100,2.67,72.89,80.97,10.0
468,Chuy,0,UY,1515292664,82,-33.69,-53.46,60.0,6.98
469,Post Falls,90,US,1515290280,86,47.71,-116.95,33.8,6.93
470,Kemin,12,KG,1515292665,80,42.79,75.7,12.97,3.96
471,Kahului,40,US,1515290160,57,20.89,-156.47,78.8,16.11
472,Faya,5,SA,1515290400,100,18.39,42.45,48.2,2.51
473,Nur,92,PL,1515292667,100,52.67,22.32,34.66,3.74
474,Konibodom,90,TJ,1515290400,68,40.3,70.43,33.8,13.42
475,Orda,68,RU,1515292669,73,57.2,56.91,12.16,11.01
476,Lufilufi,76,WS,1515292670,100,-13.87,-171.6,82.14,10.0
477,San Patricio,0,PY,1515292671,56,-26.98,-56.83,74.22,5.75
478,Lokoja,0,NG,1515292672,72,7.8,6.74,59.41,2.39
479,Baiyin,90,CN,1515290400,78,36.55,104.13,10.4,2.24
480,Tabou,0,CI,1515292674,100,4.42,-7.36,80.79,10.89
481,Chicama,90,PE,1515290400,88,-7.84,-79.15,68.0,9.17
482,Tuburan,75,PH,1515290400,83,10.73,123.82,82.4,9.17
483,Hohhot,20,CN,1515290400,66,40.81,111.65,10.4,2.24
484,Inirida,0,CO,1515292677,91,3.87,-67.92,74.26,1.72
485,Kuching,75,MY,1515290400,83,1.56,110.34,80.6,5.82
486,Geraldton,90,CA,1515290400,84,49.72,-86.95,3.2,8.05
487,Da Lat,0,VN,1515292680,65,11.95,108.44,77.05,3.06
488,Severo-Kurilsk,64,RU,1515292681,100,50.68,156.12,26.92,5.41
489,Ordzhonikidze,0,UA,1515292681,100,44.96,35.36,43.89,11.68
490,Dunedin,80,NZ,1515292533,48,-45.87,170.5,67.15,10.78
491,Loukhi,80,RU,1515292683,94,66.08,33.04,28.14,3.18
492,Tuktoyaktuk,90,CA,1515290400,77,69.44,-133.03,-2.21,10.29
493,Oildale,20,US,1515290160,77,35.42,-119.02,62.6,6.93
494,Mtambile,76,TZ,1515292686,99,-5.38,39.7,81.1,14.03
495,Zavetnoye,8,RU,1515292689,78,47.12,43.89,20.4,3.62
496,Srivardhan,0,IN,1515292690,89,18.03,73.02,65.67,3.4
497,Bilibino,48,RU,1515292691,61,68.06,166.44,-22.22,2.39
498,Junction City,1,US,1515290160,50,39.03,-96.83,28.4,3.36
499,Fallon,1,US,1515290160,92,46.84,-105.12,24.8,5.82
500,Caxias,0,BR,1515290400,83,-4.87,-43.35,77.0,5.82
501,Blankenberge,20,BE,1515291600,80,51.31,3.13,39.2,16.11
502,Gat,0,SN,1515292695,54,14.69,-16.54,65.35,13.47
503,Beloha,100,MG,1515292696,96,-25.17,45.06,72.64,20.96
504,Robertsport,0,LR,1515292697,100,6.75,-11.37,81.24,12.01
505,Colac,0,AU,1515292697,41,-38.34,143.59,77.1,3.29
506,Marigot,48,HT,1515292698,100,18.23,-72.32,78.13,5.19
507,Airai,76,TL,1515292699,69,-8.93,125.41,81.46,1.83
508,Half Moon Bay,1,US,1515290640,93,37.46,-122.43,55.4,5.82
509,Amga,56,RU,1515292701,47,60.89,131.98,-16.69,3.74
510,Bluff,0,AU,1515292703,43,-23.58,149.07,90.42,11.23
511,Coahuayana,0,MX,1515292703,75,18.62,-100.35,62.02,2.51
512,Batemans Bay,0,AU,1515292704,44,-35.71,150.18,86.59,5.86
513,San Cristobal,0,EC,1515290400,71,-0.39,-78.55,50.0,6.93
514,Bacolod,68,PH,1515292706,84,10.68,122.95,81.87,7.09
515,Santo Domingo,20,DO,1515290400,94,18.48,-69.94,73.4,4.7
516,Ondangwa,48,NA,1515292707,28,-17.91,15.98,67.42,3.96
517,Kodiak,44,US,1515292708,81,39.95,-94.76,16.3,12.8
518,Clyde River,90,CA,1515290820,83,70.47,-68.59,-4.01,25.28
519,Torbay,90,CA,1515290400,79,47.66,-52.73,23.0,34.45
520,Kodinsk,80,RU,1515292711,74,58.6,99.18,7.8,7.2
521,Berlevag,88,NO,1515292449,100,70.86,29.09,30.7,16.04
522,Sabha,44,LY,1515292713,57,27.03,14.43,51.99,10.22
523,Dikson,32,RU,1515292713,93,73.51,80.55,3.43,5.75
524,Naze,0,NG,1515292715,89,5.43,7.07,63.55,3.18
525,Maragogi,88,BR,1515292715,94,-9.01,-35.22,76.24,6.31
526,Rafaela,0,AR,1515292463,47,-31.25,-61.49,66.97,7.43
527,Dunda,0,IN,1515292716,61,30.62,78.32,19.95,1.72
528,Mayor Pablo Lagerenza,48,PY,1515292718,87,-19.93,-60.77,76.92,6.31
529,Roald,68,NO,1515291600,80,62.58,6.12,33.8,23.04
530,Nisia Floresta,40,BR,1515290400,83,-6.09,-35.21,78.8,3.36
531,Totma,92,RU,1515292721,96,59.98,42.76,32.59,11.68
532,Chokurdakh,44,RU,1515292722,0,70.62,147.9,-34.24,3.29
533,Boddam,8,GB,1515291600,80,57.47,-1.78,30.2,1.12
534,Ostersund,0,SE,1515291600,85,63.18,14.64,19.4,9.17
535,Blind River,90,CA,1515291300,76,46.19,-82.96,-7.61,1.61
536,Mount Isa,75,AU,1515290400,41,-20.73,139.49,91.4,10.29
537,Eureka,1,US,1515290100,93,40.8,-124.16,48.2,3.36
538,Anage,0,BR,1515292727,76,-14.61,-41.14,71.11,10.11
539,Rocha,0,UY,1515292728,72,-34.48,-54.34,53.38,3.4
540,Puerto Escondido,48,MX,1515292729,100,15.86,-97.07,80.83,4.18
541,Tasiilaq,88,GL,1515289800,61,65.61,-37.64,17.6,32.21
542,Birao,8,CF,1515292731,49,10.3,22.78,54.15,8.99
543,Tsybuliv,20,UA,1515292731,92,49.08,29.85,31.29,7.99
544,La Roche-sur-Yon,92,FR,1515292200,87,46.67,-1.43,44.6,17.22
545,Itoman,75,JP,1515290400,82,26.12,127.67,64.4,6.93
546,Amazar,24,RU,1515292734,75,53.86,120.88,3.61,2.39
547,Kandrian,24,PG,1515292735,100,-6.21,149.55,79.3,3.4
548,Plettenberg Bay,0,ZA,1515292736,96,-34.05,23.37,66.25,6.31
549,Punta Arenas,75,CL,1515290400,76,-53.16,-70.91,51.8,8.05
550,Boa Vista,20,BR,1515290400,65,2.82,-60.67,82.4,9.17
551,San Pedro,0,AR,1515292741,54,-33.68,-59.66,66.39,11.01
552,Rantauprapat,56,ID,1515292742,86,2.1,99.83,76.92,2.39
553,Chake Chake,76,TZ,1515292742,99,-5.25,39.77,81.1,14.03
554,Pedernales,92,EC,1515292743,91,0.07,-80.05,73.77,5.3
555,Slave Lake,1,CA,1515290400,55,55.28,-114.77,33.8,26.4
556,Ponta Delgada,75,PT,1515290400,87,37.73,-25.67,59.0,5.82
557,Le Mars,40,US,1515291300,78,42.79,-96.17,17.6,13.87
558,Touros,56,BR,1515292747,91,-5.2,-35.46,77.23,6.76
559,Xining,48,CN,1515292747,64,36.62,101.77,4.47,3.4
560,Pevek,56,RU,1515292748,68,69.7,170.27,-9.71,2.39
561,Georgetown,40,GY,1515290400,94,6.8,-58.16,75.2,4.7
562,Luderitz,32,NA,1515290400,87,-26.65,15.16,60.8,10.29
563,Sao Joao da Barra,0,BR,1515292750,98,-21.64,-41.05,79.21,30.58
564,Guhagar,0,IN,1515292751,98,17.48,73.19,71.92,7.2
565,Ust-Ishim,0,RU,1515292751,59,57.69,71.17,-6.38,6.53
